"record_id","row_no","field_name","file_token","original_name","local_path","download_status","download_error"
"rec27tqRSCY5HJ","1","问题描述图片","LQq0b0xrsoCdrPxGy6yc8qY0nDh","2026-05-27T08-40-49-729Z-f2ivag.jpg","C:\Users\Administrator\Documents\New project\feishu_base_export\attachments\001_rec27tqRSCY5HJ\问题描述图片_01_2026-05-27T08-40-49-729Z-f2ivag.jpg","downloaded",""
"rec27vHEnnmNEb","10","截图","MdhDbyumRoQPGqxrW2pcHt5In4g","image.png","C:\Users\Administrator\Documents\New project\feishu_base_export\attachments\010_rec27vHEnnmNEb\截图_01_image.png","downloaded",""
"rec27vHEnnmNEb","10","问题描述图片","RLj6btqCCojZCLxzom6cEvPinXe","2026-06-01T02-23-34-719Z-qs6m0z.jpg","C:\Users\Administrator\Documents\New project\feishu_base_export\attachments\010_rec27vHEnnmNEb\问题描述图片_01_2026-06-01T02-23-34-719Z-qs6m0z.jpg","downloaded",""
"rec27vNqEmLcNc","11","截图","OONGbWKXZo8NORxY2yHc0hj6n5b","image.png","C:\Users\Administrator\Documents\New project\feishu_base_export\attachments\011_rec27vNqEmLcNc\截图_01_image.png","downloaded",""
"rec27vNqEmLcNc","11","问题描述图片","X2VibyudnoY5lTxYZtLcgOf4nkh","2026-06-01T08-02-48-764Z-qa2qoy.jpg","C:\Users\Administrator\Documents\New project\feishu_base_export\attachments\011_rec27vNqEmLcNc\问题描述图片_01_2026-06-01T08-02-48-764Z-qa2qoy.jpg","downloaded",""
"recvkaHaMOlvyG","13","问题描述图片","ObwebBWhSowAtlxqbz5ci57En4f","2026-05-27T08-40-39-939Z-4erq8g.jpg","C:\Users\Administrator\Documents\New project\feishu_base_export\attachments\013_recvkaHaMOlvyG\问题描述图片_01_2026-05-27T08-40-39-939Z-4erq8g.jpg","downloaded",""
"rec27w6xyoaO6f","14","截图","PjNLb6vrxo5HiSxBdRwcTl9Nn9g","image.png","C:\Users\Administrator\Documents\New project\feishu_base_export\attachments\014_rec27w6xyoaO6f\截图_01_image.png","downloaded",""
"rec27w6xyoaO6f","14","问题描述图片","QN8RbZWrJocUiSxENqvcwtFpnCg","2026-06-02T02-44-27-837Z-15wq41.jpg","C:\Users\Administrator\Documents\New project\feishu_base_export\attachments\014_rec27w6xyoaO6f\问题描述图片_01_2026-06-02T02-44-27-837Z-15wq41.jpg","downloaded",""
"recvkNEWcjdMo6","15","截图","VXDnbFhpzoM91vxM9QEcggQGntb","image.png","C:\Users\Administrator\Documents\New project\feishu_base_export\attachments\015_recvkNEWcjdMo6\截图_01_image.png","downloaded",""
"recvkNEWcjdMo6","15","问题描述图片","BKDrb0mRvosRFKxfxDScFAufn0f","2026-05-27T08-40-18-756Z-jj0q0u.jpg","C:\Users\Administrator\Documents\New project\feishu_base_export\attachments\015_recvkNEWcjdMo6\问题描述图片_01_2026-05-27T08-40-18-756Z-jj0q0u.jpg","downloaded",""
"recvkOu5pv9qS6","16","问题描述图片","QfQSb9L3Xonulqxwb6gc3RCtn7e","2026-05-27T10-04-40-065Z-se1hi8.jpg","C:\Users\Administrator\Documents\New project\feishu_base_export\attachments\016_recvkOu5pv9qS6\问题描述图片_01_2026-05-27T10-04-40-065Z-se1hi8.jpg","downloaded",""
"rec27u6z5p5Prg","17","问题描述图片","ILhob11pGoNVtMxpA0PcugUAnNj","2026-05-28T01-27-53-540Z-opvk7l.jpg","C:\Users\Administrator\Documents\New project\feishu_base_export\attachments\017_rec27u6z5p5Prg\问题描述图片_01_2026-05-28T01-27-53-540Z-opvk7l.jpg","downloaded",""
"rec27uebIuAJao","18","截图","QE3NbVJmEodowrx88V9cpHKrn2b","image.png","C:\Users\Administrator\Documents\New project\feishu_base_export\attachments\018_rec27uebIuAJao\截图_01_image.png","downloaded",""
"rec27uebIuAJao","18","问题描述图片","VKR8beh1foaUvsxC6mncwInXni0","2026-05-28T08-55-21-115Z-hagxgy.jpg","C:\Users\Administrator\Documents\New project\feishu_base_export\attachments\018_rec27uebIuAJao\问题描述图片_01_2026-05-28T08-55-21-115Z-hagxgy.jpg","downloaded",""
"rec27uvuOsu2BX","19","问题描述图片","OJLlbR057opHGWx3lkzcTcHenbb","2026-05-29T01-51-11-761Z-wjjcig.jpg","C:\Users\Administrator\Documents\New project\feishu_base_export\attachments\019_rec27uvuOsu2BX\问题描述图片_01_2026-05-29T01-51-11-761Z-wjjcig.jpg","downloaded",""
"rec27u7TzPiVUi","2","截图","X5NubUv53oJzVcxFFetcfVk2n4e","20260528104506_rec_.mp4","C:\Users\Administrator\Documents\New project\feishu_base_export\attachments\002_rec27u7TzPiVUi\截图_01_20260528104506_rec_.mp4","downloaded",""
"rec27u7TzPiVUi","2","问题描述图片","QJ6vbgNA0oIy1qxkmuwcOFVnnVg","2026-05-28T02-46-01-854Z-5xx82g.jpg","C:\Users\Administrator\Documents\New project\feishu_base_export\attachments\002_rec27u7TzPiVUi\问题描述图片_01_2026-05-28T02-46-01-854Z-5xx82g.jpg","downloaded",""
"rec27uzo0XueEM","20","截图","ZcywbkCS6okHibxBWkIcLpM0nRg","image.png","C:\Users\Administrator\Documents\New project\feishu_base_export\attachments\020_rec27uzo0XueEM\截图_01_image.png","downloaded",""
"rec27uzo0XueEM","20","问题描述图片","NDdRbScK6o3y6Tx7BUhc8YsBnNb","2026-05-29T05-39-33-758Z-vfcmq8.jpg","C:\Users\Administrator\Documents\New project\feishu_base_export\attachments\020_rec27uzo0XueEM\问题描述图片_01_2026-05-29T05-39-33-758Z-vfcmq8.jpg","downloaded",""
"rec27w70gAINlZ","21","截图","S33IbGaLdoh065xTjRUcqHELnLg","20260602-0310-55.0304943.mp4","C:\Users\Administrator\Documents\New project\feishu_base_export\attachments\021_rec27w70gAINlZ\截图_01_20260602-0310-55.0304943.mp4","downloaded",""
"rec27w70gAINlZ","21","问题描述图片","XTjhbdHXuovqhQx0OcTcHhHVnzb","2026-06-02T03-11-39-040Z-ybtovn.jpg","C:\Users\Administrator\Documents\New project\feishu_base_export\attachments\021_rec27w70gAINlZ\问题描述图片_01_2026-06-02T03-11-39-040Z-ybtovn.jpg","downloaded",""
"recvkaAxhCdR7s","22","截图","U5babgLSMoootuxUdPIc2bfnnzd","01_prestige_research.jpg","C:\Users\Administrator\Documents\New project\feishu_base_export\attachments\022_recvkaAxhCdR7s\截图_01_01_prestige_research.jpg","downloaded",""
"recvkaAxhCdR7s","22","问题描述图片","KtBYbgSvZoPv9uxeLtdcPRnFn5g","2026-05-27T08-40-45-418Z-se9001.jpg","C:\Users\Administrator\Documents\New project\feishu_base_export\attachments\022_recvkaAxhCdR7s\问题描述图片_01_2026-05-27T08-40-45-418Z-se9001.jpg","downloaded",""
"recvkdDA1CszxE","23","截图","LfSMbJ4Q7o4vygxyn6QcugEpnIe","image.png","C:\Users\Administrator\Documents\New project\feishu_base_export\attachments\023_recvkdDA1CszxE\截图_01_image.png","downloaded",""
"recvkdDA1CszxE","23","问题描述图片","Wyjobj6cPoWbTYxcxP1clKoMn6d","2026-05-27T08-40-36-352Z-gg7y6f.jpg","C:\Users\Administrator\Documents\New project\feishu_base_export\attachments\023_recvkdDA1CszxE\问题描述图片_01_2026-05-27T08-40-36-352Z-gg7y6f.jpg","downloaded",""
"recvkdUbKc4ghY","24","截图","Rsdsb8PCbomX55x4GVtcWIMnn7d","image.png","C:\Users\Administrator\Documents\New project\feishu_base_export\attachments\024_recvkdUbKc4ghY\截图_01_image.png","downloaded",""
"recvkdUbKc4ghY","24","问题描述图片","AZvQbsrUqomn0kxSC5Ocftq8nEd","2026-05-27T08-40-16-668Z-sqippq.jpg","C:\Users\Administrator\Documents\New project\feishu_base_export\attachments\024_recvkdUbKc4ghY\问题描述图片_01_2026-05-27T08-40-16-668Z-sqippq.jpg","downloaded",""
"recvkfPF8WNvMq","25","截图","OpSZbamFcoZHhdxtcFHcKMDNn6c","image.png","C:\Users\Administrator\Documents\New project\feishu_base_export\attachments\025_recvkfPF8WNvMq\截图_01_image.png","downloaded",""
"recvkfPF8WNvMq","25","问题描述图片","K5PYbklbVooE5sxCdAbcpmlsngp","2026-05-27T08-40-23-868Z-67chdd.jpg","C:\Users\Administrator\Documents\New project\feishu_base_export\attachments\025_recvkfPF8WNvMq\问题描述图片_01_2026-05-27T08-40-23-868Z-67chdd.jpg","downloaded",""
"rec27ue8jBAtdT","26","截图","AsGCbAtPeo5BSUxgQzsczXxFn1X","image.png","C:\Users\Administrator\Documents\New project\feishu_base_export\attachments\026_rec27ue8jBAtdT\截图_01_image.png","downloaded",""
"rec27ue8jBAtdT","26","问题描述图片","JLqnbwQnNouMdpxdppwcKbWwnCe","2026-05-28T08-52-05-258Z-p572o7.jpg","C:\Users\Administrator\Documents\New project\feishu_base_export\attachments\026_rec27ue8jBAtdT\问题描述图片_01_2026-05-28T08-52-05-258Z-p572o7.jpg","downloaded",""
"rec27uvq7ulqyP","27","截图","CFJQb2SARoq4RnxBVs9cJy84nAd","image.png","C:\Users\Administrator\Documents\New project\feishu_base_export\attachments\027_rec27uvq7ulqyP\截图_02_image.png","downloaded",""
"rec27uvq7ulqyP","27","截图","Tidfb4O7eohOMWxPJCrcis2znwh","image.png","C:\Users\Administrator\Documents\New project\feishu_base_export\attachments\027_rec27uvq7ulqyP\截图_01_image.png","downloaded",""
"rec27uvq7ulqyP","27","问题描述图片","DeKwbVp8wogRa2xOq74c8f7Jnbe","2026-05-29T01-46-44-590Z-73z0hw.jpg","C:\Users\Administrator\Documents\New project\feishu_base_export\attachments\027_rec27uvq7ulqyP\问题描述图片_01_2026-05-29T01-46-44-590Z-73z0hw.jpg","downloaded",""
"recvln77h2LdKL","28","截图","M4WObhQQZossgwx7fihcpePDngf","image.png","C:\Users\Administrator\Documents\New project\feishu_base_export\attachments\028_recvln77h2LdKL\截图_01_image.png","downloaded",""
"recvln77h2LdKL","28","问题描述图片","GbWnbgpQeojeeSxKDXxc0sPHnKh","2026-06-02T08-08-24-388Z-0hh0mg.jpg","C:\Users\Administrator\Documents\New project\feishu_base_export\attachments\028_recvln77h2LdKL\问题描述图片_01_2026-06-02T08-08-24-388Z-0hh0mg.jpg","downloaded",""
"recvlncgKlhl37","29","截图","IKolbHqTYoSdBPxAuCecIzWVnYd","image.png","C:\Users\Administrator\Documents\New project\feishu_base_export\attachments\029_recvlncgKlhl37\截图_01_image.png","downloaded",""
"recvlncgKlhl37","29","问题描述图片","AoZwbxfoaoNed3xZ5H9cUVtRnad","2026-06-02T08-31-22-817Z-zc77yw.jpg","C:\Users\Administrator\Documents\New project\feishu_base_export\attachments\029_recvlncgKlhl37\问题描述图片_01_2026-06-02T08-31-22-817Z-zc77yw.jpg","downloaded",""
"rec27uvs1MJtLX","3","问题描述图片","MtWvbSbV5ophA5xu3RUcOjdSnRf","2026-05-29T01-48-33-674Z-9tb3tk.jpg","C:\Users\Administrator\Documents\New project\feishu_base_export\attachments\003_rec27uvs1MJtLX\问题描述图片_01_2026-05-29T01-48-33-674Z-9tb3tk.jpg","downloaded",""
"rec27tJ69uu7yE","30","截图","Be4obRUQLoonffxO0zPcYXhXn6f","image.png","C:\Users\Administrator\Documents\New project\feishu_base_export\attachments\030_rec27tJ69uu7yE\截图_01_image.png","downloaded",""
"rec27tJ69uu7yE","30","问题描述图片","OQXhbOvDIo84LCxI97Zc4DR7nKc","2026-05-27T08-40-30-462Z-0idkqg.jpg","C:\Users\Administrator\Documents\New project\feishu_base_export\attachments\030_rec27tJ69uu7yE\问题描述图片_01_2026-05-27T08-40-30-462Z-0idkqg.jpg","downloaded",""
"rec27u6FjQvBEj","31","截图","Gbrebws9ToT07DxfFRqcEeeFn7d","image.png","C:\Users\Administrator\Documents\New project\feishu_base_export\attachments\031_rec27u6FjQvBEj\截图_01_image.png","downloaded",""
"rec27u6FjQvBEj","31","问题描述图片","DGo5bfHVko8rCRxndFAcCYHVnUl","2026-05-28T01-33-46-909Z-a16vce.jpg","C:\Users\Administrator\Documents\New project\feishu_base_export\attachments\031_rec27u6FjQvBEj\问题描述图片_01_2026-05-28T01-33-46-909Z-a16vce.jpg","downloaded",""
"rec27uDZ4LpICl","32","截图","BpKqbbcVpoO5DQxPHWucm330nNf","image.png","C:\Users\Administrator\Documents\New project\feishu_base_export\attachments\032_rec27uDZ4LpICl\截图_02_image.png","downloaded",""
"rec27uDZ4LpICl","32","截图","Piu7bwJXpoEZ1QxsMptc0xB9nZe","image.png","C:\Users\Administrator\Documents\New project\feishu_base_export\attachments\032_rec27uDZ4LpICl\截图_01_image.png","downloaded",""
"rec27uDZ4LpICl","32","问题描述图片","A51pbP7Lno6HZdxFJRgcH0xOnVg","2026-05-29T10-09-21-701Z-68q8bi.jpg","C:\Users\Administrator\Documents\New project\feishu_base_export\attachments\032_rec27uDZ4LpICl\问题描述图片_01_2026-05-29T10-09-21-701Z-68q8bi.jpg","downloaded",""
"recvlngsI2JWVx","33","截图","Pdc2bcgJCoqzg5x1n91cCl58nyb","image.png","C:\Users\Administrator\Documents\New project\feishu_base_export\attachments\033_recvlngsI2JWVx\截图_01_image.png","downloaded",""
"recvlngsI2JWVx","33","问题描述图片","Uy2Jb46Olo3QFwx9Txzcl2rendg","2026-06-02T08-45-04-028Z-e4bixw.jpg","C:\Users\Administrator\Documents\New project\feishu_base_export\attachments\033_recvlngsI2JWVx\问题描述图片_01_2026-06-02T08-45-04-028Z-e4bixw.jpg","downloaded",""
"recvkaAxhCeRIS","34","截图","WrCQbWS88oPfKCxcQMacbMZwnlb","08_lab_no_goal.jpg","C:\Users\Administrator\Documents\New project\feishu_base_export\attachments\034_recvkaAxhCeRIS\截图_01_08_lab_no_goal.jpg","downloaded",""
"recvkaAxhCeRIS","34","问题描述图片","NokIbNLoEoEFTdxpsYlcd7Sin3e","2026-05-27T08-40-34-298Z-zek6li.jpg","C:\Users\Administrator\Documents\New project\feishu_base_export\attachments\034_recvkaAxhCeRIS\问题描述图片_01_2026-05-27T08-40-34-298Z-zek6li.jpg","downloaded",""
"recvkaAxhCKVws","35","截图","C52ubOPSfo6Gw9xWKIVcVOJJnUf","09_power_value.jpg","C:\Users\Administrator\Documents\New project\feishu_base_export\attachments\035_recvkaAxhCKVws\截图_01_09_power_value.jpg","downloaded",""
"recvkaAxhCKVws","35","问题描述图片","LG5VbFPD4oQvdJxf7qHcIDl4nUd","2026-05-27T08-40-22-727Z-03ba4f.jpg","C:\Users\Administrator\Documents\New project\feishu_base_export\attachments\035_recvkaAxhCKVws\问题描述图片_01_2026-05-27T08-40-22-727Z-03ba4f.jpg","downloaded",""
"recvkdEEvFw0Oq","36","截图","VuMBb3Sxpo1PLjxrWsjcLPW0nmd","image.png","C:\Users\Administrator\Documents\New project\feishu_base_export\attachments\036_recvkdEEvFw0Oq\截图_01_image.png","downloaded",""
"recvkdEEvFw0Oq","36","问题描述图片","MJWHbfLVWoN7pgx25VBcIYCknSd","2026-05-27T08-40-40-227Z-fbtje9.jpg","C:\Users\Administrator\Documents\New project\feishu_base_export\attachments\036_recvkdEEvFw0Oq\问题描述图片_01_2026-05-27T08-40-40-227Z-fbtje9.jpg","downloaded",""
"recvkZs3SMYmat","37","问题描述图片","VkIrbysTRovMMfxGTBDc05IwnWb","2026-05-29T07-00-37-161Z-iyq914.jpg","C:\Users\Administrator\Documents\New project\feishu_base_export\attachments\037_recvkZs3SMYmat\问题描述图片_01_2026-05-29T07-00-37-161Z-iyq914.jpg","downloaded",""
"rec27uxw3TK4B9","38","截图","Npyqb3ocXoHGMpxB3FGcvjT0nNf","20260529113850_rec_.mp4","C:\Users\Administrator\Documents\New project\feishu_base_export\attachments\038_rec27uxw3TK4B9\截图_01_20260529113850_rec_.mp4","downloaded",""
"rec27uxw3TK4B9","38","截图","OOhgbO8HKooLEQxaMuDchgy4nBh","image.png","C:\Users\Administrator\Documents\New project\feishu_base_export\attachments\038_rec27uxw3TK4B9\截图_02_image.png","downloaded",""
"rec27uxw3TK4B9","38","问题描述图片","IbDObujkLoI9Olxiq8FcE58vn6d","2026-05-29T03-49-45-497Z-we4yia.jpg","C:\Users\Administrator\Documents\New project\feishu_base_export\attachments\038_rec27uxw3TK4B9\问题描述图片_01_2026-05-29T03-49-45-497Z-we4yia.jpg","downloaded",""
"recvkTW3xboojL","39","问题描述图片","GZHzb0YFLoltoXxDQxUcTCi2nLb","2026-05-28T08-22-21-725Z-n8y0ej.jpg","C:\Users\Administrator\Documents\New project\feishu_base_export\attachments\039_recvkTW3xboojL\问题描述图片_01_2026-05-28T08-22-21-725Z-n8y0ej.jpg","downloaded",""
"rec27uvUtgPPSD","4","截图","LrLibub57oSJ4wxXYzQcIeqcneb","20260529101406_rec_.mp4","C:\Users\Administrator\Documents\New project\feishu_base_export\attachments\004_rec27uvUtgPPSD\截图_01_20260529101406_rec_.mp4","downloaded",""
"rec27uvUtgPPSD","4","问题描述图片","ACjSbm0H2oe9iOxgJcLcXUDTnhf","2026-05-29T02-15-29-042Z-gzni2l.jpg","C:\Users\Administrator\Documents\New project\feishu_base_export\attachments\004_rec27uvUtgPPSD\问题描述图片_01_2026-05-29T02-15-29-042Z-gzni2l.jpg","downloaded",""
"rec27u6GeVJKJf","40","截图","BZFbbBIAKoxtcJxjJIzcGsurnfe","image.png","C:\Users\Administrator\Documents\New project\feishu_base_export\attachments\040_rec27u6GeVJKJf\截图_01_image.png","downloaded",""
"rec27u6GeVJKJf","40","问题描述图片","P4JnbUZjaomqKWxYTojcpKfpnqe","2026-05-28T01-34-39-941Z-vwmv6n.jpg","C:\Users\Administrator\Documents\New project\feishu_base_export\attachments\040_rec27u6GeVJKJf\问题描述图片_01_2026-05-28T01-34-39-941Z-vwmv6n.jpg","downloaded",""
"recvkZsQl4y1Cw","41","截图","E1HTbbVrooYTlFxUdsvclt89nAe","image.png","C:\Users\Administrator\Documents\New project\feishu_base_export\attachments\041_recvkZsQl4y1Cw\截图_01_image.png","downloaded",""
"recvkZsQl4y1Cw","41","问题描述图片","N59nbReJHozErJxkPo6cpwTEnJc","2026-05-29T07-05-27-847Z-8e57kr.jpg","C:\Users\Administrator\Documents\New project\feishu_base_export\attachments\041_recvkZsQl4y1Cw\问题描述图片_01_2026-05-29T07-05-27-847Z-8e57kr.jpg","downloaded",""
"rec27uE438TTDe","42","截图","WlDabmueUo0dE8xfQJHcpw0pn0d","image.png","C:\Users\Administrator\Documents\New project\feishu_base_export\attachments\042_rec27uE438TTDe\截图_01_image.png","downloaded",""
"rec27uE438TTDe","42","截图","OvxpbmRadoA50WxHpTOc9ODvnwc","image.png","C:\Users\Administrator\Documents\New project\feishu_base_export\attachments\042_rec27uE438TTDe\截图_02_image.png","downloaded",""
"rec27uE438TTDe","42","问题描述图片","Ti5Zbi9jxoEOrUx3c8TcN4ilnOf","2026-05-29T10-14-04-996Z-n7wcv2.jpg","C:\Users\Administrator\Documents\New project\feishu_base_export\attachments\042_rec27uE438TTDe\问题描述图片_01_2026-05-29T10-14-04-996Z-n7wcv2.jpg","downloaded",""
"recvln5OYCvJzw","43","截图","L6WHbpiino4jEixRRbCcik2anVh","image.png","C:\Users\Administrator\Documents\New project\feishu_base_export\attachments\043_recvln5OYCvJzw\截图_01_image.png","downloaded",""
"recvln5OYCvJzw","43","问题描述图片","EAx8bAfxaoWP0Qx0LwccQJqYnKc","2026-06-02T08-03-32-085Z-jr9g5m.jpg","C:\Users\Administrator\Documents\New project\feishu_base_export\attachments\043_recvln5OYCvJzw\问题描述图片_01_2026-06-02T08-03-32-085Z-jr9g5m.jpg","downloaded",""
"recvkaAxhChQTP","44","截图","JiQGbEswjob2mQx7yfYcsKDtnTd","04_king_worm_button.jpg","C:\Users\Administrator\Documents\New project\feishu_base_export\attachments\044_recvkaAxhChQTP\截图_01_04_king_worm_button.jpg","downloaded",""
"recvkaAxhChQTP","44","问题描述图片","WahzbVvw3ojZ4WxgzTAcZUibn3g","2026-05-27T08-40-29-009Z-w2uacl.jpg","C:\Users\Administrator\Documents\New project\feishu_base_export\attachments\044_recvkaAxhChQTP\问题描述图片_01_2026-05-27T08-40-29-009Z-w2uacl.jpg","downloaded",""
"recvkaAxhCzOtB","45","截图","WlkubvHQ3oKYkpxjHxpcVIlJnUg","05_exercise_reward.jpg","C:\Users\Administrator\Documents\New project\feishu_base_export\attachments\045_recvkaAxhCzOtB\截图_01_05_exercise_reward.jpg","downloaded",""
"recvkaAxhCzOtB","45","问题描述图片","FaDtbcW4eo9Ht0xEISHcBZYsnWf","2026-05-27T08-40-49-850Z-hz6hq9.jpg","C:\Users\Administrator\Documents\New project\feishu_base_export\attachments\045_recvkaAxhCzOtB\问题描述图片_01_2026-05-27T08-40-49-850Z-hz6hq9.jpg","downloaded",""
"recvkaAxhCiJa7","46","问题描述图片","M8babyY1JoHPpcxFhavc7mGOnEg","2026-05-27T08-40-39-212Z-s0gnx4.jpg","C:\Users\Administrator\Documents\New project\feishu_base_export\attachments\046_recvkaAxhCiJa7\问题描述图片_01_2026-05-27T08-40-39-212Z-s0gnx4.jpg","downloaded",""
"recvkaCk2jL3ld","47","截图","IwB1bywKWobH4dxKEb1cUSrSn7e","地格按钮.mp4","C:\Users\Administrator\Documents\New project\feishu_base_export\attachments\047_recvkaCk2jL3ld\截图_01_地格按钮.mp4","downloaded",""
"recvkaCk2jL3ld","47","问题描述图片","Im41bb9BMoH27Lxw08TchZ4dncg","2026-05-27T08-40-54-986Z-zr7ri2.jpg","C:\Users\Administrator\Documents\New project\feishu_base_export\attachments\047_recvkaCk2jL3ld\问题描述图片_01_2026-05-27T08-40-54-986Z-zr7ri2.jpg","downloaded",""
"recvkdEWQj9qMd","48","截图","PoCzb0teboBV4FxokhjcDyx1nRh","image.png","C:\Users\Administrator\Documents\New project\feishu_base_export\attachments\048_recvkdEWQj9qMd\截图_01_image.png","downloaded",""
"recvkdEWQj9qMd","48","问题描述图片","X2lrbq0CGoxr0wxXhXAcuTpfnkb","2026-05-27T08-40-22-287Z-mimg5d.jpg","C:\Users\Administrator\Documents\New project\feishu_base_export\attachments\048_recvkdEWQj9qMd\问题描述图片_01_2026-05-27T08-40-22-287Z-mimg5d.jpg","downloaded",""
"recvkdVvRC7c42","49","截图","Bco6bfY7eoMjv9x7S5QcCfTJnWd","20260521115539_rec_.mp4","C:\Users\Administrator\Documents\New project\feishu_base_export\attachments\049_recvkdVvRC7c42\截图_01_20260521115539_rec_.mp4","downloaded",""
"recvkdVvRC7c42","49","问题描述图片","BFJEbXm7LoPbg8xZKSocQrKqnDc","2026-05-27T08-40-41-765Z-wh7wam.jpg","C:\Users\Administrator\Documents\New project\feishu_base_export\attachments\049_recvkdVvRC7c42\问题描述图片_01_2026-05-27T08-40-41-765Z-wh7wam.jpg","downloaded",""
"rec27uzHvL4c4T","5","问题描述图片","JINob3pmro253sxLgUwcnYjqnkf","2026-05-29T05-58-00-005Z-6utayo.jpg","C:\Users\Administrator\Documents\New project\feishu_base_export\attachments\005_rec27uzHvL4c4T\问题描述图片_01_2026-05-29T05-58-00-005Z-6utayo.jpg","downloaded",""
"recvkfKukkzFic","50","截图","RDuSbbhCYo4VnSxrOs2ctwCEn2g","image.png","C:\Users\Administrator\Documents\New project\feishu_base_export\attachments\050_recvkfKukkzFic\截图_01_image.png","downloaded",""
"recvkfKukkzFic","50","问题描述图片","SegWb9376oeFhzxUlbfcG3fKnVc","2026-05-27T08-40-33-477Z-avbu8b.jpg","C:\Users\Administrator\Documents\New project\feishu_base_export\attachments\050_recvkfKukkzFic\问题描述图片_01_2026-05-27T08-40-33-477Z-avbu8b.jpg","downloaded",""
"recvkfQ2aY765i","51","截图","WfbNbtP9goMfuLxqhOGczFEYnIh","image.png","C:\Users\Administrator\Documents\New project\feishu_base_export\attachments\051_recvkfQ2aY765i\截图_01_image.png","downloaded",""
"recvkfQ2aY765i","51","问题描述图片","PAefb1IzHosC5fx6AvpcWXdBnqg","2026-05-27T08-40-18-687Z-1jdrb3.jpg","C:\Users\Administrator\Documents\New project\feishu_base_export\attachments\051_recvkfQ2aY765i\问题描述图片_01_2026-05-27T08-40-18-687Z-1jdrb3.jpg","downloaded",""
"recvkfR5c92MOF","52","问题描述图片","Xdykb79nZo8shWxG9vvcS78FnRa","2026-05-27T08-40-14-660Z-vxlufn.jpg","C:\Users\Administrator\Documents\New project\feishu_base_export\attachments\052_recvkfR5c92MOF\问题描述图片_01_2026-05-27T08-40-14-660Z-vxlufn.jpg","downloaded",""
"recvkGzEFiKFWn","53","问题描述图片","LGtSbskSMoZW6Kx4e24cSvoDnjb","2026-05-27T08-40-33-574Z-az9zk3.jpg","C:\Users\Administrator\Documents\New project\feishu_base_export\attachments\053_recvkGzEFiKFWn\问题描述图片_01_2026-05-27T08-40-33-574Z-az9zk3.jpg","downloaded",""
"rec27uwvDPY6mn","54","截图","GCbpb7fnfo9THfx6SbocywWnn5c","image.png","C:\Users\Administrator\Documents\New project\feishu_base_export\attachments\054_rec27uwvDPY6mn\截图_01_image.png","downloaded",""
"rec27uwvDPY6mn","54","问题描述图片","ZQiBbkrolo3WILx9HbkcvOHXntE","2026-05-29T02-50-41-727Z-bnmfrn.jpg","C:\Users\Administrator\Documents\New project\feishu_base_export\attachments\054_rec27uwvDPY6mn\问题描述图片_01_2026-05-29T02-50-41-727Z-bnmfrn.jpg","downloaded",""
"rec27uAEpelv5L","55","截图","PbN0bX1LboagjBxJk0Hc4rPQnqK","飞书20260529-145320.mp4","C:\Users\Administrator\Documents\New project\feishu_base_export\attachments\055_rec27uAEpelv5L\截图_01_飞书20260529-145320.mp4","downloaded",""
"rec27uAEpelv5L","55","问题描述图片","Zn0RbfaEuoMrYxx78ogcAUcsntg","2026-05-29T06-53-48-874Z-82ut67.jpg","C:\Users\Administrator\Documents\New project\feishu_base_export\attachments\055_rec27uAEpelv5L\问题描述图片_01_2026-05-29T06-53-48-874Z-82ut67.jpg","downloaded",""
"rec27wdLo3OUi2","56","截图","Btejb5ZymoYoVcxgqgacpgvKnjd","20260602-0946-39.3704136.mp4","C:\Users\Administrator\Documents\New project\feishu_base_export\attachments\056_rec27wdLo3OUi2\截图_01_20260602-0946-39.3704136.mp4","downloaded",""
"rec27wdLo3OUi2","56","问题描述图片","Ffg8bkYjAoVlPbxv5IQcw5gmnsc","2026-06-02T09-48-25-675Z-99jt3h.jpg","C:\Users\Administrator\Documents\New project\feishu_base_export\attachments\056_rec27wdLo3OUi2\问题描述图片_01_2026-06-02T09-48-25-675Z-99jt3h.jpg","downloaded",""
"rec27uCefsOU6o","6","截图","F9lmbdE9qo1Jz7xzOyAcxlPfn9d","image.png","C:\Users\Administrator\Documents\New project\feishu_base_export\attachments\006_rec27uCefsOU6o\截图_01_image.png","downloaded",""
"rec27uCefsOU6o","6","问题描述图片","YYMIbVVzfogw06xEc9VcKKZcnwd","2026-05-29T08-26-21-793Z-40oo0g.jpg","C:\Users\Administrator\Documents\New project\feishu_base_export\attachments\006_rec27uCefsOU6o\问题描述图片_01_2026-05-29T08-26-21-793Z-40oo0g.jpg","downloaded",""
"rec27uCeLfw5ju","7","截图","N2kXbE2cFov91dxvb4lcfHkLnde","image.png","C:\Users\Administrator\Documents\New project\feishu_base_export\attachments\007_rec27uCeLfw5ju\截图_01_image.png","downloaded",""
"rec27uCeLfw5ju","7","问题描述图片","LTN0bAMJDogpICxtLiTcykeOnNg","2026-05-29T08-26-51-154Z-3k3zl0.jpg","C:\Users\Administrator\Documents\New project\feishu_base_export\attachments\007_rec27uCeLfw5ju\问题描述图片_01_2026-05-29T08-26-51-154Z-3k3zl0.jpg","downloaded",""
"recvkfPyRoBn5c","8","问题描述图片","X8X8bebhvoPNfFxSLgIc3Rblnpb","2026-05-27T08-40-12-568Z-4wnm0u.jpg","C:\Users\Administrator\Documents\New project\feishu_base_export\attachments\008_recvkfPyRoBn5c\问题描述图片_01_2026-05-27T08-40-12-568Z-4wnm0u.jpg","downloaded",""
"recvkfQlVjKXcQ","9","截图","ZTyDbdKVEoTVvrxSp1vcNMOinOh","image.png","C:\Users\Administrator\Documents\New project\feishu_base_export\attachments\009_recvkfQlVjKXcQ\截图_01_image.png","downloaded",""
"recvkfQlVjKXcQ","9","问题描述图片","AKgpbNXkwo37HSxyCmLcPlcNnIh","2026-05-27T08-40-20-665Z-rr97c8.jpg","C:\Users\Administrator\Documents\New project\feishu_base_export\attachments\009_recvkfQlVjKXcQ\问题描述图片_01_2026-05-27T08-40-20-665Z-rr97c8.jpg","downloaded",""
